"selection3_name","selection3_selection2_name","selection3_selection2_year","selection3_selection2_year_url"
"Once Upon a Time in China: The Complete Films","Once Upon a Time in China","1991","https://www.criterion.com/films/30712-once-upon-a-time-in-china"
"Once Upon a Time in China: The Complete Films","Once Upon a Time in China II","1991","https://www.criterion.com/films/30712-once-upon-a-time-in-china"
"Once Upon a Time in China: The Complete Films","Once Upon a Time in China III","1991","https://www.criterion.com/films/30712-once-upon-a-time-in-china"
"Once Upon a Time in China: The Complete Films","Once Upon a Time in China IV","1991","https://www.criterion.com/films/30712-once-upon-a-time-in-china"
"Once Upon a Time in China: The Complete Films","Once Upon a Time in China V","1991","https://www.criterion.com/films/30712-once-upon-a-time-in-china"
"Melvin Van Peebles: Essential Films","The Story of a Three Day Pass","1967","https://www.criterion.com/films/31848-the-story-of-a-three-day-pass"
"Melvin Van Peebles: Essential Films","Watermelon Man","1967","https://www.criterion.com/films/31848-the-story-of-a-three-day-pass"
"Melvin Van Peebles: Essential Films","Sweet Sweetback’s Baadasssss Song","1967","https://www.criterion.com/films/31848-the-story-of-a-three-day-pass"
"Melvin Van Peebles: Essential Films","Don’t Play Us Cheap","1967","https://www.criterion.com/films/31848-the-story-of-a-three-day-pass"
"World of Wong Kar Wai","As Tears Go By","1988","https://www.criterion.com/films/29478-as-tears-go-by"
"World of Wong Kar Wai","Days of Being Wild","1988","https://www.criterion.com/films/29478-as-tears-go-by"
"World of Wong Kar Wai","Chungking Express","1988","https://www.criterion.com/films/29478-as-tears-go-by"
"World of Wong Kar Wai","Fallen Angels","1988","https://www.criterion.com/films/29478-as-tears-go-by"
"World of Wong Kar Wai","Happy Together","1988","https://www.criterion.com/films/29478-as-tears-go-by"
"World of Wong Kar Wai","In the Mood for Love","1988","https://www.criterion.com/films/29478-as-tears-go-by"
"World of Wong Kar Wai","2046","1988","https://www.criterion.com/films/29478-as-tears-go-by"
"Three Films by Luis Buñuel","The Discreet Charm of the Bourgeoisie","1972","https://www.criterion.com/films/310-the-discreet-charm-of-the-bourgeoisie"
"Three Films by Luis Buñuel","The Phantom of Liberty","1972","https://www.criterion.com/films/310-the-discreet-charm-of-the-bourgeoisie"
"Three Films by Luis Buñuel","That Obscure Object of Desire","1972","https://www.criterion.com/films/310-the-discreet-charm-of-the-bourgeoisie"
"Essential Fellini","Variety Lights","1950","https://www.criterion.com/films/620-variety-lights"
"Essential Fellini","The White Sheik","1950","https://www.criterion.com/films/620-variety-lights"
"Essential Fellini","I vitelloni","1950","https://www.criterion.com/films/620-variety-lights"
"Essential Fellini","La strada","1950","https://www.criterion.com/films/620-variety-lights"
"Essential Fellini","Il bidone","1950","https://www.criterion.com/films/620-variety-lights"
"Essential Fellini","Nights of Cabiria","1950","https://www.criterion.com/films/620-variety-lights"
"Essential Fellini","La dolce vita","1950","https://www.criterion.com/films/620-variety-lights"
"Essential Fellini","8½","1950","https://www.criterion.com/films/620-variety-lights"
"Essential Fellini","Juliet of the Spirits","1950","https://www.criterion.com/films/620-variety-lights"
"Essential Fellini","Fellini Satyricon","1950","https://www.criterion.com/films/620-variety-lights"
"Essential Fellini","Roma","1950","https://www.criterion.com/films/620-variety-lights"
"Essential Fellini","Amarcord","1950","https://www.criterion.com/films/620-variety-lights"
"Essential Fellini","And the Ship Sails On","1950","https://www.criterion.com/films/620-variety-lights"
"Essential Fellini","Intervista","1950","https://www.criterion.com/films/620-variety-lights"
"Godzilla: The Showa-Era Films, 1954–1975","Godzilla","1954","https://www.criterion.com/films/27755-godzilla"
"Godzilla: The Showa-Era Films, 1954–1975","Godzilla Raids Again","1954","https://www.criterion.com/films/27755-godzilla"
"Godzilla: The Showa-Era Films, 1954–1975","King Kong vs. Godzilla","1954","https://www.criterion.com/films/27755-godzilla"
"Godzilla: The Showa-Era Films, 1954–1975","Mothra vs. Godzilla","1954","https://www.criterion.com/films/27755-godzilla"
"Godzilla: The Showa-Era Films, 1954–1975","Ghidorah, the Three-Headed Monster","1954","https://www.criterion.com/films/27755-godzilla"
"Godzilla: The Showa-Era Films, 1954–1975","Invasion of Astro-Monster","1954","https://www.criterion.com/films/27755-godzilla"
"Godzilla: The Showa-Era Films, 1954–1975","Ebirah, Horror of the Deep","1954","https://www.criterion.com/films/27755-godzilla"
"Godzilla: The Showa-Era Films, 1954–1975","Son of Godzilla","1954","https://www.criterion.com/films/27755-godzilla"
"Godzilla: The Showa-Era Films, 1954–1975","Destroy All Monsters","1954","https://www.criterion.com/films/27755-godzilla"
"Godzilla: The Showa-Era Films, 1954–1975","All Monsters Attack","1954","https://www.criterion.com/films/27755-godzilla"
"Godzilla: The Showa-Era Films, 1954–1975","Godzilla vs. Hedorah","1954","https://www.criterion.com/films/27755-godzilla"
"Godzilla: The Showa-Era Films, 1954–1975","Godzilla vs. Gigan","1954","https://www.criterion.com/films/27755-godzilla"
"Godzilla: The Showa-Era Films, 1954–1975","Godzilla vs. Megalon","1954","https://www.criterion.com/films/27755-godzilla"
"Godzilla: The Showa-Era Films, 1954–1975","Godzilla vs. Mechagodzilla","1954","https://www.criterion.com/films/27755-godzilla"
"Godzilla: The Showa-Era Films, 1954–1975","Terror of Mechagodzilla","1954","https://www.criterion.com/films/27755-godzilla"
"The Complete Films of Agnès Varda","Varda by Agnès","2019","https://www.criterion.com/films/30210-varda-by-agn-s"
"The Complete Films of Agnès Varda","La Pointe Courte","2019","https://www.criterion.com/films/30210-varda-by-agn-s"
"The Complete Films of Agnès Varda","Cléo from 5 to 7","2019","https://www.criterion.com/films/30210-varda-by-agn-s"
"The Complete Films of Agnès Varda","Daguerréotypes","2019","https://www.criterion.com/films/30210-varda-by-agn-s"
"The Complete Films of Agnès Varda","Le bonheur","2019","https://www.criterion.com/films/30210-varda-by-agn-s"
"The Complete Films of Agnès Varda","Les créatures","2019","https://www.criterion.com/films/30210-varda-by-agn-s"
"The Complete Films of Agnès Varda","Uncle Yanco","2019","https://www.criterion.com/films/30210-varda-by-agn-s"
"The Complete Films of Agnès Varda","Black Panthers","2019","https://www.criterion.com/films/30210-varda-by-agn-s"
"The Complete Films of Agnès Varda","Lions Love (. . . and Lies)","2019","https://www.criterion.com/films/30210-varda-by-agn-s"
"The Complete Films of Agnès Varda","Mur Murs","2019","https://www.criterion.com/films/30210-varda-by-agn-s"
"The Complete Films of Agnès Varda","Documenteur","2019","https://www.criterion.com/films/30210-varda-by-agn-s"
"The Complete Films of Agnès Varda","One Sings, the Other Doesn’t","2019","https://www.criterion.com/films/30210-varda-by-agn-s"
"The Complete Films of Agnès Varda","Vagabond","2019","https://www.criterion.com/films/30210-varda-by-agn-s"
"The Complete Films of Agnès Varda","Jane B. par Agnès V.","2019","https://www.criterion.com/films/30210-varda-by-agn-s"
"The Complete Films of Agnès Varda","Kung-Fu Master!","2019","https://www.criterion.com/films/30210-varda-by-agn-s"
"The Complete Films of Agnès Varda","Jacquot de Nantes","2019","https://www.criterion.com/films/30210-varda-by-agn-s"
"The Complete Films of Agnès Varda","One Hundred and One Nights","2019","https://www.criterion.com/films/30210-varda-by-agn-s"
"The Complete Films of Agnès Varda","The Gleaners and I","2019","https://www.criterion.com/films/30210-varda-by-agn-s"
"The Complete Films of Agnès Varda","The Gleaners and I: Two Years Later","2019","https://www.criterion.com/films/30210-varda-by-agn-s"
"The Complete Films of Agnès Varda","Faces Places","2019","https://www.criterion.com/films/30210-varda-by-agn-s"
"The Complete Films of Agnès Varda","Agnès de ci de là Varda","2019","https://www.criterion.com/films/30210-varda-by-agn-s"
"The Complete Films of Agnès Varda","The Beaches of Agnès","2019","https://www.criterion.com/films/30210-varda-by-agn-s"
"Bruce Lee: His Greatest Hits","The Big Boss","1971","https://www.criterion.com/films/29553-the-big-boss"
"Bruce Lee: His Greatest Hits","Fist of Fury","1971","https://www.criterion.com/films/29553-the-big-boss"
"Bruce Lee: His Greatest Hits","The Way of the Dragon","1971","https://www.criterion.com/films/29553-the-big-boss"
"Bruce Lee: His Greatest Hits","Enter the Dragon","1971","https://www.criterion.com/films/29553-the-big-boss"
"Bruce Lee: His Greatest Hits","Game of Death","1971","https://www.criterion.com/films/29553-the-big-boss"
"Ingmar Bergman’s Cinema","Crisis","1946","https://www.criterion.com/films/642-crisis"
"Ingmar Bergman’s Cinema","A Ship to India","1946","https://www.criterion.com/films/642-crisis"
"Ingmar Bergman’s Cinema","Port of Call","1946","https://www.criterion.com/films/642-crisis"
"Ingmar Bergman’s Cinema","Thirst","1946","https://www.criterion.com/films/642-crisis"
"Ingmar Bergman’s Cinema","To Joy","1946","https://www.criterion.com/films/642-crisis"
"Ingmar Bergman’s Cinema","Summer Interlude","1946","https://www.criterion.com/films/642-crisis"
"Ingmar Bergman’s Cinema","Waiting Women","1946","https://www.criterion.com/films/642-crisis"
"Ingmar Bergman’s Cinema","Summer with Monika","1946","https://www.criterion.com/films/642-crisis"
"Ingmar Bergman’s Cinema","Sawdust and Tinsel","1946","https://www.criterion.com/films/642-crisis"
"Ingmar Bergman’s Cinema","A Lesson in Love","1946","https://www.criterion.com/films/642-crisis"
"Ingmar Bergman’s Cinema","Dreams","1946","https://www.criterion.com/films/642-crisis"
"Ingmar Bergman’s Cinema","Smiles of a Summer Night","1946","https://www.criterion.com/films/642-crisis"
"Ingmar Bergman’s Cinema","The Seventh Seal","1946","https://www.criterion.com/films/642-crisis"
"Ingmar Bergman’s Cinema","Wild Strawberries","1946","https://www.criterion.com/films/642-crisis"
"Ingmar Bergman’s Cinema","Brink of Life","1946","https://www.criterion.com/films/642-crisis"
"Ingmar Bergman’s Cinema","The Magician","1946","https://www.criterion.com/films/642-crisis"
"Ingmar Bergman’s Cinema","The Virgin Spring","1946","https://www.criterion.com/films/642-crisis"
"Ingmar Bergman’s Cinema","The Devil’s Eye","1946","https://www.criterion.com/films/642-crisis"
"Ingmar Bergman’s Cinema","Through a Glass Darkly","1946","https://www.criterion.com/films/642-crisis"
"Ingmar Bergman’s Cinema","Winter Light","1946","https://www.criterion.com/films/642-crisis"
"Ingmar Bergman’s Cinema","The Silence","1946","https://www.criterion.com/films/642-crisis"
"Ingmar Bergman’s Cinema","All These Women","1946","https://www.criterion.com/films/642-crisis"
"Ingmar Bergman’s Cinema","Persona","1946","https://www.criterion.com/films/642-crisis"
"Ingmar Bergman’s Cinema","Hour of the Wolf","1946","https://www.criterion.com/films/642-crisis"
"Ingmar Bergman’s Cinema","Shame","1946","https://www.criterion.com/films/642-crisis"
"Ingmar Bergman’s Cinema","The Rite","1946","https://www.criterion.com/films/642-crisis"
"Ingmar Bergman’s Cinema","The Passion of Anna","1946","https://www.criterion.com/films/642-crisis"
"Ingmar Bergman’s Cinema","Fårö Document","1946","https://www.criterion.com/films/642-crisis"
"Ingmar Bergman’s Cinema","The Touch","1946","https://www.criterion.com/films/642-crisis"
"Ingmar Bergman’s Cinema","Cries and Whispers","1946","https://www.criterion.com/films/642-crisis"
"Ingmar Bergman’s Cinema","Scenes from a Marriage","1946","https://www.criterion.com/films/642-crisis"
"Ingmar Bergman’s Cinema","The Magic Flute","1946","https://www.criterion.com/films/642-crisis"
"Ingmar Bergman’s Cinema","The Serpent’s Egg","1946","https://www.criterion.com/films/642-crisis"
"Ingmar Bergman’s Cinema","Autumn Sonata","1946","https://www.criterion.com/films/642-crisis"
"Ingmar Bergman’s Cinema","Fårö Document 1979","1946","https://www.criterion.com/films/642-crisis"
"Ingmar Bergman’s Cinema","From the Life of the Marionettes","1946","https://www.criterion.com/films/642-crisis"
"Ingmar Bergman’s Cinema","Fanny and Alexander: Theatrical Version","1946","https://www.criterion.com/films/642-crisis"
"Ingmar Bergman’s Cinema","Fanny and Alexander: Television Version","1946","https://www.criterion.com/films/642-crisis"
"Ingmar Bergman’s Cinema","After the Rehearsal","1946","https://www.criterion.com/films/642-crisis"
"Ingmar Bergman’s Cinema","Saraband","1946","https://www.criterion.com/films/642-crisis"
"Police Story/Police Story 2","Police Story","1985","https://www.criterion.com/films/29544-police-story"
"Police Story/Police Story 2","Police Story 2","1985","https://www.criterion.com/films/29544-police-story"
"Three Fantastic Journeys by Karel Zeman","Journey to the Beginning of Time","1955","https://www.criterion.com/films/30226-journey-to-the-beginning-of-time"
"Three Fantastic Journeys by Karel Zeman","Invention for Destruction","1955","https://www.criterion.com/films/30226-journey-to-the-beginning-of-time"
"Three Fantastic Journeys by Karel Zeman","The Fabulous Baron Munchausen","1955","https://www.criterion.com/films/30226-journey-to-the-beginning-of-time"
"The Before Trilogy","Before Sunrise","1995","https://www.criterion.com/films/28692-before-sunrise"
"The Before Trilogy","Before Sunset","1995","https://www.criterion.com/films/28692-before-sunrise"
"The Before Trilogy","Before Midnight","1995","https://www.criterion.com/films/28692-before-sunrise"
"The Complete Monterey Pop Festival","Monterey Pop","1968","https://www.criterion.com/films/720-monterey-pop"
"The Complete Monterey Pop Festival","Jimi Plays Monterey & Shake! Otis at Monterey","1968","https://www.criterion.com/films/720-monterey-pop"
"Martin Scorsese’s World Cinema Project No. 3","Lucía","1968","https://www.criterion.com/films/30298-luc-a"
"Martin Scorsese’s World Cinema Project No. 3","After the Curfew","1968","https://www.criterion.com/films/30298-luc-a"
"Martin Scorsese’s World Cinema Project No. 3","Pixote","1968","https://www.criterion.com/films/30298-luc-a"
"Martin Scorsese’s World Cinema Project No. 3","Dos monjes","1968","https://www.criterion.com/films/30298-luc-a"
"Martin Scorsese’s World Cinema Project No. 3","Soleil Ô","1968","https://www.criterion.com/films/30298-luc-a"
"Martin Scorsese’s World Cinema Project No. 3","Downpour","1968","https://www.criterion.com/films/30298-luc-a"
"Martin Scorsese’s World Cinema Project No. 2","Insiang","1976","https://www.criterion.com/films/29099-insiang"
"Martin Scorsese’s World Cinema Project No. 2","Mysterious Object at Noon","1976","https://www.criterion.com/films/29099-insiang"
"Martin Scorsese’s World Cinema Project No. 2","Revenge","1976","https://www.criterion.com/films/29099-insiang"
"Martin Scorsese’s World Cinema Project No. 2","Limite","1976","https://www.criterion.com/films/29099-insiang"
"Martin Scorsese’s World Cinema Project No. 2","Law of the Border","1976","https://www.criterion.com/films/29099-insiang"
"Martin Scorsese’s World Cinema Project No. 2","Taipei Story","1976","https://www.criterion.com/films/29099-insiang"
"Martin Scorsese’s World Cinema Project","Touki bouki","1973","https://www.criterion.com/films/28412-touki-bouki"
"Martin Scorsese’s World Cinema Project","Redes","1973","https://www.criterion.com/films/28412-touki-bouki"
"Martin Scorsese’s World Cinema Project","A River Called Titas","1973","https://www.criterion.com/films/28412-touki-bouki"
"Martin Scorsese’s World Cinema Project","Dry Summer","1973","https://www.criterion.com/films/28412-touki-bouki"
"Martin Scorsese’s World Cinema Project","Trances","1973","https://www.criterion.com/films/28412-touki-bouki"
"Martin Scorsese’s World Cinema Project","The Housemaid","1973","https://www.criterion.com/films/28412-touki-bouki"
"Six Moral Tales","The Bakery Girl of Monceau","1963","https://www.criterion.com/films/786-the-bakery-girl-of-monceau"
"Six Moral Tales","Suzanne’s Career","1963","https://www.criterion.com/films/786-the-bakery-girl-of-monceau"
"Six Moral Tales","My Night at Maud’s","1963","https://www.criterion.com/films/786-the-bakery-girl-of-monceau"
"Six Moral Tales","La collectionneuse","1963","https://www.criterion.com/films/786-the-bakery-girl-of-monceau"
"Six Moral Tales","Claire’s Knee","1963","https://www.criterion.com/films/786-the-bakery-girl-of-monceau"
"Six Moral Tales","Love in the Afternoon","1963","https://www.criterion.com/films/786-the-bakery-girl-of-monceau"
"Dietrich & von Sternberg in Hollywood","Morocco","1930","https://www.criterion.com/films/28991-morocco"
"Dietrich & von Sternberg in Hollywood","Dishonored","1930","https://www.criterion.com/films/28991-morocco"
"Dietrich & von Sternberg in Hollywood","Shanghai Express","1930","https://www.criterion.com/films/28991-morocco"
"Dietrich & von Sternberg in Hollywood","Blonde Venus","1930","https://www.criterion.com/films/28991-morocco"
"Dietrich & von Sternberg in Hollywood","The Scarlet Empress","1930","https://www.criterion.com/films/28991-morocco"
"Dietrich & von Sternberg in Hollywood","The Devil Is a Woman","1930","https://www.criterion.com/films/28991-morocco"
"3 Silent Classics by Josef von Sternberg","Underworld","1927","https://www.criterion.com/films/21766-underworld"
"3 Silent Classics by Josef von Sternberg","The Last Command","1927","https://www.criterion.com/films/21766-underworld"
"3 Silent Classics by Josef von Sternberg","The Docks of New York","1927","https://www.criterion.com/films/21766-underworld"
"Lone Wolf and Cub","Lone Wolf and Cub: Sword of Vengeance","1972","https://www.criterion.com/films/28722-lone-wolf-and-cub-sword-of-vengeance"
"Lone Wolf and Cub","Lone Wolf and Cub: Baby Cart at the River Styx","1972","https://www.criterion.com/films/28722-lone-wolf-and-cub-sword-of-vengeance"
"Lone Wolf and Cub","Lone Wolf and Cub: Baby Cart to Hades","1972","https://www.criterion.com/films/28722-lone-wolf-and-cub-sword-of-vengeance"
"Lone Wolf and Cub","Lone Wolf and Cub: Baby Cart in Peril","1972","https://www.criterion.com/films/28722-lone-wolf-and-cub-sword-of-vengeance"
"Lone Wolf and Cub","Lone Wolf and Cub: Baby Cart in the Land of Demons","1972","https://www.criterion.com/films/28722-lone-wolf-and-cub-sword-of-vengeance"
"Lone Wolf and Cub","Lone Wolf and Cub: White Heaven in Hell","1972","https://www.criterion.com/films/28722-lone-wolf-and-cub-sword-of-vengeance"
"The Koker Trilogy","Where Is the Friend’s House?","1987","https://www.criterion.com/films/28638-where-is-the-friend-s-house"
"The Koker Trilogy","And Life Goes On","1987","https://www.criterion.com/films/28638-where-is-the-friend-s-house"
"The Koker Trilogy","Through the Olive Trees","1987","https://www.criterion.com/films/28638-where-is-the-friend-s-house"
"The BRD Trilogy","The Marriage of Maria Braun","1979","https://www.criterion.com/films/592-the-marriage-of-maria-braun"
"The BRD Trilogy","Veronika Voss","1979","https://www.criterion.com/films/592-the-marriage-of-maria-braun"
"The BRD Trilogy","Lola","1979","https://www.criterion.com/films/592-the-marriage-of-maria-braun"
"John Cassavetes: Five Films","Shadows","1959","https://www.criterion.com/films/500-shadows"
"John Cassavetes: Five Films","Faces","1959","https://www.criterion.com/films/500-shadows"
"John Cassavetes: Five Films","A Woman Under the Influence","1959","https://www.criterion.com/films/500-shadows"
"John Cassavetes: Five Films","The Killing of a Chinese Bookie","1959","https://www.criterion.com/films/500-shadows"
"John Cassavetes: Five Films","Opening Night","1959","https://www.criterion.com/films/500-shadows"
"John Cassavetes: Five Films","A Constant Forge","1959","https://www.criterion.com/films/500-shadows"
"100 Years of Olympic Films: 1912–2012","","",""
"Roberto Rossellini’s War Trilogy","Rome Open City","1945","https://www.criterion.com/films/975-rome-open-city"
"Roberto Rossellini’s War Trilogy","Paisan","1945","https://www.criterion.com/films/975-rome-open-city"
"Roberto Rossellini’s War Trilogy","Germany Year Zero","1945","https://www.criterion.com/films/975-rome-open-city"
"The Apu Trilogy","Pather Panchali","1955","https://www.criterion.com/films/28021-pather-panchali"
"The Apu Trilogy","Aparajito","1955","https://www.criterion.com/films/28021-pather-panchali"
"The Apu Trilogy","Apur Sansar","1955","https://www.criterion.com/films/28021-pather-panchali"
"A Film Trilogy by Ingmar Bergman","Through a Glass Darkly","1961","https://www.criterion.com/films/568-through-a-glass-darkly"
"A Film Trilogy by Ingmar Bergman","Winter Light","1961","https://www.criterion.com/films/568-through-a-glass-darkly"
"A Film Trilogy by Ingmar Bergman","The Silence","1961","https://www.criterion.com/films/568-through-a-glass-darkly"
"Trilogía de Guillermo del Toro","Cronos","1993","https://www.criterion.com/films/27534-cronos"
"Trilogía de Guillermo del Toro","The Devil’s Backbone","1993","https://www.criterion.com/films/27534-cronos"
"Trilogía de Guillermo del Toro","Pan’s Labyrinth","1993","https://www.criterion.com/films/27534-cronos"
"Wim Wenders: The Road Trilogy","Alice in the Cities","1974","https://www.criterion.com/films/27717-alice-in-the-cities"
"Wim Wenders: The Road Trilogy","Wrong Move","1974","https://www.criterion.com/films/27717-alice-in-the-cities"
"Wim Wenders: The Road Trilogy","Kings of the Road","1974","https://www.criterion.com/films/27717-alice-in-the-cities"
"The Kennedy Films of Robert Drew & Associates","","",""
"The Emigrants/The New Land","The Emigrants","1971","https://www.criterion.com/films/28701-the-emigrants"
"The Emigrants/The New Land","The New Land","1971","https://www.criterion.com/films/28701-the-emigrants"
"The Complete Lady Snowblood","Lady Snowblood","1973","https://www.criterion.com/films/28589-lady-snowblood"
"The Complete Lady Snowblood","Lady Snowblood: Love Song of Vengeance","1973","https://www.criterion.com/films/28589-lady-snowblood"
"Three Colors","Three Colors: Blue","1993","https://www.criterion.com/films/27731-three-colors-blue"
"Three Colors","Three Colors: White","1993","https://www.criterion.com/films/27731-three-colors-blue"
"Three Colors","Three Colors: Red","1993","https://www.criterion.com/films/27731-three-colors-blue"
"The Marseille Trilogy","Marius","1931","https://www.criterion.com/films/28857-marius"
"The Marseille Trilogy","Fanny","1931","https://www.criterion.com/films/28857-marius"
"The Marseille Trilogy","César","1931","https://www.criterion.com/films/28857-marius"
"Gates of Heaven/Vernon, Florida","Gates of Heaven","1978","https://www.criterion.com/films/28354-gates-of-heaven"
"Gates of Heaven/Vernon, Florida","Vernon, Florida","1978","https://www.criterion.com/films/28354-gates-of-heaven"
"The Complete Jacques Tati","Jour de fête","1949","https://www.criterion.com/films/28114-jour-de-f-te"
"The Complete Jacques Tati","Monsieur Hulot’s Holiday","1949","https://www.criterion.com/films/28114-jour-de-f-te"
"The Complete Jacques Tati","Mon oncle","1949","https://www.criterion.com/films/28114-jour-de-f-te"
"The Complete Jacques Tati","PlayTime","1949","https://www.criterion.com/films/28114-jour-de-f-te"
"The Complete Jacques Tati","Trafic","1949","https://www.criterion.com/films/28114-jour-de-f-te"
"The Complete Jacques Tati","Parade","1949","https://www.criterion.com/films/28114-jour-de-f-te"
"Les Blank: Always for Pleasure","","",""
"Zatoichi: The Blind Swordsman","The Tale of Zatoichi","1962","https://www.criterion.com/films/28300-the-tale-of-zatoichi"
"Zatoichi: The Blind Swordsman","The Tale of Zatoichi Continues","1962","https://www.criterion.com/films/28300-the-tale-of-zatoichi"
"Zatoichi: The Blind Swordsman","New Tale of Zatoichi","1962","https://www.criterion.com/films/28300-the-tale-of-zatoichi"
"Zatoichi: The Blind Swordsman","Zatoichi the Fugitive","1962","https://www.criterion.com/films/28300-the-tale-of-zatoichi"
"Zatoichi: The Blind Swordsman","Zatoichi on the Road","1962","https://www.criterion.com/films/28300-the-tale-of-zatoichi"
"Zatoichi: The Blind Swordsman","Zatoichi and the Chest of Gold","1962","https://www.criterion.com/films/28300-the-tale-of-zatoichi"
"Zatoichi: The Blind Swordsman","Zatoichi’s Flashing Sword","1962","https://www.criterion.com/films/28300-the-tale-of-zatoichi"
"Zatoichi: The Blind Swordsman","Fight, Zatoichi, Fight","1962","https://www.criterion.com/films/28300-the-tale-of-zatoichi"
"Zatoichi: The Blind Swordsman","Adventures of Zatoichi","1962","https://www.criterion.com/films/28300-the-tale-of-zatoichi"
"Zatoichi: The Blind Swordsman","Zatoichi’s Revenge","1962","https://www.criterion.com/films/28300-the-tale-of-zatoichi"
"Zatoichi: The Blind Swordsman","Zatoichi and the Doomed Man","1962","https://www.criterion.com/films/28300-the-tale-of-zatoichi"
"Zatoichi: The Blind Swordsman","Zatoichi and the Chess Expert","1962","https://www.criterion.com/films/28300-the-tale-of-zatoichi"
"Zatoichi: The Blind Swordsman","Zatoichi’s Vengeance","1962","https://www.criterion.com/films/28300-the-tale-of-zatoichi"
"Zatoichi: The Blind Swordsman","Zatoichi’s Pilgrimage","1962","https://www.criterion.com/films/28300-the-tale-of-zatoichi"
"Zatoichi: The Blind Swordsman","Zatoichi’s Cane Sword","1962","https://www.criterion.com/films/28300-the-tale-of-zatoichi"
"Zatoichi: The Blind Swordsman","Zatoichi the Outlaw","1962","https://www.criterion.com/films/28300-the-tale-of-zatoichi"
"Zatoichi: The Blind Swordsman","Zatoichi Challenged","1962","https://www.criterion.com/films/28300-the-tale-of-zatoichi"
"Zatoichi: The Blind Swordsman","Zatoichi and the Fugitives","1962","https://www.criterion.com/films/28300-the-tale-of-zatoichi"
"Zatoichi: The Blind Swordsman","Samaritan Zatoichi","1962","https://www.criterion.com/films/28300-the-tale-of-zatoichi"
"Zatoichi: The Blind Swordsman","Zatoichi Meets Yojimbo","1962","https://www.criterion.com/films/28300-the-tale-of-zatoichi"
"Zatoichi: The Blind Swordsman","Zatoichi Goes to the Fire Festival","1962","https://www.criterion.com/films/28300-the-tale-of-zatoichi"
"Zatoichi: The Blind Swordsman","Zatoichi Meets the One-Armed Swordsman","1962","https://www.criterion.com/films/28300-the-tale-of-zatoichi"
"Zatoichi: The Blind Swordsman","Zatoichi at Large","1962","https://www.criterion.com/films/28300-the-tale-of-zatoichi"
"Zatoichi: The Blind Swordsman","Zatoichi in Desperation","1962","https://www.criterion.com/films/28300-the-tale-of-zatoichi"
"Zatoichi: The Blind Swordsman","Zatoichi’s Conspiracy","1962","https://www.criterion.com/films/28300-the-tale-of-zatoichi"
"3 Films by Roberto Rossellini Starring Ingrid Bergman","Stromboli","1950","https://www.criterion.com/films/28082-stromboli"
"3 Films by Roberto Rossellini Starring Ingrid Bergman","Europe ’51","1950","https://www.criterion.com/films/28082-stromboli"
"3 Films by Roberto Rossellini Starring Ingrid Bergman","Journey to Italy","1950","https://www.criterion.com/films/28082-stromboli"
"Pierre Etaix","The Suitor","1963","https://www.criterion.com/films/28395-the-suitor"
"Pierre Etaix","Yoyo","1963","https://www.criterion.com/films/28395-the-suitor"
"Pierre Etaix","As Long as You’ve Got Your Health","1963","https://www.criterion.com/films/28395-the-suitor"
"Pierre Etaix","Le grand amour","1963","https://www.criterion.com/films/28395-the-suitor"
"Pierre Etaix","Land of Milk and Honey","1963","https://www.criterion.com/films/28395-the-suitor"
"The Shooting/Ride in the Whirlwind","The Shooting","1966","https://www.criterion.com/films/28580-the-shooting"
"The Shooting/Ride in the Whirlwind","Ride in the Whirlwind","1966","https://www.criterion.com/films/28580-the-shooting"
"La Jetée/Sans Soleil","La Jetée","1963","https://www.criterion.com/films/329-la-jet-e"
"La Jetée/Sans Soleil","Sans Soleil","1963","https://www.criterion.com/films/329-la-jet-e"
"André Gregory & Wallace Shawn: 3 Films","My Dinner with André","1981","https://www.criterion.com/films/1093-my-dinner-with-andr"
"André Gregory & Wallace Shawn: 3 Films","Vanya on 42nd Street","1981","https://www.criterion.com/films/1093-my-dinner-with-andr"
"André Gregory & Wallace Shawn: 3 Films","A Master Builder","1981","https://www.criterion.com/films/1093-my-dinner-with-andr"
"The Samurai Trilogy","Samurai I: Musashi Miyamoto","1954","https://www.criterion.com/films/529-samurai-i-musashi-miyamoto"
"The Samurai Trilogy","Samurai II: Duel at Ichijoji Temple","1954","https://www.criterion.com/films/529-samurai-i-musashi-miyamoto"
"The Samurai Trilogy","Samurai III: Duel at Ganryu Island","1954","https://www.criterion.com/films/529-samurai-i-musashi-miyamoto"
"A Whit Stillman Trilogy: Metropolitan, Barcelona, The Last Days of Disco","Metropolitan","1990","https://www.criterion.com/films/774-metropolitan"
"A Whit Stillman Trilogy: Metropolitan, Barcelona, The Last Days of Disco","The Last Days of Disco","1990","https://www.criterion.com/films/774-metropolitan"
"A Whit Stillman Trilogy: Metropolitan, Barcelona, The Last Days of Disco","Barcelona","1990","https://www.criterion.com/films/774-metropolitan"
"Trilogy of Life","The Decameron","1971","https://www.criterion.com/films/28105-the-decameron"
"Trilogy of Life","The Canterbury Tales","1971","https://www.criterion.com/films/28105-the-decameron"
"Trilogy of Life","Arabian Nights","1971","https://www.criterion.com/films/28105-the-decameron"
"The Qatsi Trilogy","Koyaanisqatsi","1983","https://www.criterion.com/films/28034-koyaanisqatsi"
"The Qatsi Trilogy","Powaqqatsi","1983","https://www.criterion.com/films/28034-koyaanisqatsi"
"The Qatsi Trilogy","Naqoyqatsi","1983","https://www.criterion.com/films/28034-koyaanisqatsi"
"Letters from Fontainhas: Three Films by Pedro Costa","Ossos","1997","https://www.criterion.com/films/21942-ossos"
"Letters from Fontainhas: Three Films by Pedro Costa","In Vanda’s Room","1997","https://www.criterion.com/films/21942-ossos"
"Letters from Fontainhas: Three Films by Pedro Costa","Colossal Youth","1997","https://www.criterion.com/films/21942-ossos"
"America Lost and Found: The BBS Story","Head","1968","https://www.criterion.com/films/27527-head"
"America Lost and Found: The BBS Story","Easy Rider","1968","https://www.criterion.com/films/27527-head"
"America Lost and Found: The BBS Story","Five Easy Pieces","1968","https://www.criterion.com/films/27527-head"
"America Lost and Found: The BBS Story","Drive, He Said","1968","https://www.criterion.com/films/27527-head"
"America Lost and Found: The BBS Story","A Safe Place","1968","https://www.criterion.com/films/27527-head"
"America Lost and Found: The BBS Story","The Last Picture Show","1968","https://www.criterion.com/films/27527-head"
"America Lost and Found: The BBS Story","The King of Marvin Gardens","1968","https://www.criterion.com/films/27527-head"
"By Brakhage: An Anthology, Volumes One and Two","By Brakhage: An Anthology, Volume One","",""
"By Brakhage: An Anthology, Volumes One and Two","By Brakhage: An Anthology, Volume Two","",""